"season","game_url"
2012,"https://www.sports-reference.com/cbb/boxscores/2012-03-13-brigham-young.html"
2012,"https://www.sports-reference.com/cbb/boxscores/2012-03-13-mississippi-valley-state.html"
2012,"https://www.sports-reference.com/cbb/boxscores/2012-03-14-california.html"
2012,"https://www.sports-reference.com/cbb/boxscores/2012-03-14-lamar.html"
2012,"https://www.sports-reference.com/cbb/boxscores/2012-03-15-baylor.html"
2012,"https://www.sports-reference.com/cbb/boxscores/2012-03-15-brigham-young.html"
2012,"https://www.sports-reference.com/cbb/boxscores/2012-03-15-colorado-state.html"
2012,"https://www.sports-reference.com/cbb/boxscores/2012-03-15-colorado.html"
2012,"https://www.sports-reference.com/cbb/boxscores/2012-03-15-connecticut.html"
2012,"https://www.sports-reference.com/cbb/boxscores/2012-03-15-davidson.html"
2012,"https://www.sports-reference.com/cbb/boxscores/2012-03-15-gonzaga.html"
2012,"https://www.sports-reference.com/cbb/boxscores/2012-03-15-harvard.html"
2012,"https://www.sports-reference.com/cbb/boxscores/2012-03-15-indiana.html"
2012,"https://www.sports-reference.com/cbb/boxscores/2012-03-15-kansas-state.html"
2012,"https://www.sports-reference.com/cbb/boxscores/2012-03-15-kentucky.html"
2012,"https://www.sports-reference.com/cbb/boxscores/2012-03-15-long-beach-state.html"
2012,"https://www.sports-reference.com/cbb/boxscores/2012-03-15-loyola-md.html"
2012,"https://www.sports-reference.com/cbb/boxscores/2012-03-15-montana.html"
2012,"https://www.sports-reference.com/cbb/boxscores/2012-03-15-north-carolina-asheville.html"
2012,"https://www.sports-reference.com/cbb/boxscores/2012-03-15-virginia-commonwealth.html"
2012,"https://www.sports-reference.com/cbb/boxscores/2012-03-16-alabama.html"
2012,"https://www.sports-reference.com/cbb/boxscores/2012-03-16-belmont.html"
2012,"https://www.sports-reference.com/cbb/boxscores/2012-03-16-cincinnati.html"
2012,"https://www.sports-reference.com/cbb/boxscores/2012-03-16-detroit-mercy.html"
2012,"https://www.sports-reference.com/cbb/boxscores/2012-03-16-duke.html"
2012,"https://www.sports-reference.com/cbb/boxscores/2012-03-16-florida-state.html"
2012,"https://www.sports-reference.com/cbb/boxscores/2012-03-16-florida.html"
2012,"https://www.sports-reference.com/cbb/boxscores/2012-03-16-long-island-university.html"
2012,"https://www.sports-reference.com/cbb/boxscores/2012-03-16-memphis.html"
2012,"https://www.sports-reference.com/cbb/boxscores/2012-03-16-michigan.html"
2012,"https://www.sports-reference.com/cbb/boxscores/2012-03-16-missouri.html"
2012,"https://www.sports-reference.com/cbb/boxscores/2012-03-16-north-carolina-state.html"
2012,"https://www.sports-reference.com/cbb/boxscores/2012-03-16-north-carolina.html"
2012,"https://www.sports-reference.com/cbb/boxscores/2012-03-16-notre-dame.html"
2012,"https://www.sports-reference.com/cbb/boxscores/2012-03-16-purdue.html"
2012,"https://www.sports-reference.com/cbb/boxscores/2012-03-16-south-florida.html"
2012,"https://www.sports-reference.com/cbb/boxscores/2012-03-17-baylor.html"
2012,"https://www.sports-reference.com/cbb/boxscores/2012-03-17-gonzaga.html"
2012,"https://www.sports-reference.com/cbb/boxscores/2012-03-17-indiana.html"
2012,"https://www.sports-reference.com/cbb/boxscores/2012-03-17-iowa-state.html"
2012,"https://www.sports-reference.com/cbb/boxscores/2012-03-17-kansas-state.html"
2012,"https://www.sports-reference.com/cbb/boxscores/2012-03-17-louisville.html"
2012,"https://www.sports-reference.com/cbb/boxscores/2012-03-17-marquette.html"
2012,"https://www.sports-reference.com/cbb/boxscores/2012-03-17-vanderbilt.html"
2012,"https://www.sports-reference.com/cbb/boxscores/2012-03-18-cincinnati.html"
2012,"https://www.sports-reference.com/cbb/boxscores/2012-03-18-creighton.html"
2012,"https://www.sports-reference.com/cbb/boxscores/2012-03-18-florida.html"
2012,"https://www.sports-reference.com/cbb/boxscores/2012-03-18-georgetown.html"
2012,"https://www.sports-reference.com/cbb/boxscores/2012-03-18-kansas.html"
2012,"https://www.sports-reference.com/cbb/boxscores/2012-03-18-lehigh.html"
2012,"https://www.sports-reference.com/cbb/boxscores/2012-03-18-michigan-state.html"
2012,"https://www.sports-reference.com/cbb/boxscores/2012-03-18-ohio.html"
2012,"https://www.sports-reference.com/cbb/boxscores/2012-03-22-cincinnati.html"
2012,"https://www.sports-reference.com/cbb/boxscores/2012-03-22-florida.html"
2012,"https://www.sports-reference.com/cbb/boxscores/2012-03-22-louisville.html"
2012,"https://www.sports-reference.com/cbb/boxscores/2012-03-22-syracuse.html"
2012,"https://www.sports-reference.com/cbb/boxscores/2012-03-23-baylor.html"
2012,"https://www.sports-reference.com/cbb/boxscores/2012-03-23-indiana.html"
2012,"https://www.sports-reference.com/cbb/boxscores/2012-03-23-kansas.html"
2012,"https://www.sports-reference.com/cbb/boxscores/2012-03-23-north-carolina.html"
2012,"https://www.sports-reference.com/cbb/boxscores/2012-03-24-florida.html"
2012,"https://www.sports-reference.com/cbb/boxscores/2012-03-24-ohio-state.html"
2012,"https://www.sports-reference.com/cbb/boxscores/2012-03-25-baylor.html"
2012,"https://www.sports-reference.com/cbb/boxscores/2012-03-25-kansas.html"
2012,"https://www.sports-reference.com/cbb/boxscores/2012-03-31-kansas.html"
2012,"https://www.sports-reference.com/cbb/boxscores/2012-03-31-kentucky.html"
2012,"https://www.sports-reference.com/cbb/boxscores/2012-04-02-kansas.html"
2013,"https://www.sports-reference.com/cbb/boxscores/2013-03-19-liberty.html"
2013,"https://www.sports-reference.com/cbb/boxscores/2013-03-19-middle-tennessee.html"
2013,"https://www.sports-reference.com/cbb/boxscores/2013-03-20-boise-state.html"
2013,"https://www.sports-reference.com/cbb/boxscores/2013-03-20-james-madison.html"
2013,"https://www.sports-reference.com/cbb/boxscores/2013-03-21-akron.html"
2013,"https://www.sports-reference.com/cbb/boxscores/2013-03-21-arizona.html"
2013,"https://www.sports-reference.com/cbb/boxscores/2013-03-21-bucknell.html"
2013,"https://www.sports-reference.com/cbb/boxscores/2013-03-21-california.html"
2013,"https://www.sports-reference.com/cbb/boxscores/2013-03-21-colorado-state.html"
2013,"https://www.sports-reference.com/cbb/boxscores/2013-03-21-davidson.html"
2013,"https://www.sports-reference.com/cbb/boxscores/2013-03-21-gonzaga.html"
2013,"https://www.sports-reference.com/cbb/boxscores/2013-03-21-harvard.html"
2013,"https://www.sports-reference.com/cbb/boxscores/2013-03-21-louisville.html"
2013,"https://www.sports-reference.com/cbb/boxscores/2013-03-21-memphis.html"
2013,"https://www.sports-reference.com/cbb/boxscores/2013-03-21-michigan-state.html"
2013,"https://www.sports-reference.com/cbb/boxscores/2013-03-21-michigan.html"
2013,"https://www.sports-reference.com/cbb/boxscores/2013-03-21-montana.html"
2013,"https://www.sports-reference.com/cbb/boxscores/2013-03-21-new-mexico-state.html"
2013,"https://www.sports-reference.com/cbb/boxscores/2013-03-21-oklahoma-state.html"
2013,"https://www.sports-reference.com/cbb/boxscores/2013-03-21-pittsburgh.html"
2013,"https://www.sports-reference.com/cbb/boxscores/2013-03-22-albany-ny.html"
2013,"https://www.sports-reference.com/cbb/boxscores/2013-03-22-cincinnati.html"
2013,"https://www.sports-reference.com/cbb/boxscores/2013-03-22-colorado.html"
2013,"https://www.sports-reference.com/cbb/boxscores/2013-03-22-florida-gulf-coast.html"
2013,"https://www.sports-reference.com/cbb/boxscores/2013-03-22-florida.html"
2013,"https://www.sports-reference.com/cbb/boxscores/2013-03-22-indiana.html"
2013,"https://www.sports-reference.com/cbb/boxscores/2013-03-22-iona.html"
2013,"https://www.sports-reference.com/cbb/boxscores/2013-03-22-iowa-state.html"
2013,"https://www.sports-reference.com/cbb/boxscores/2013-03-22-kansas-state.html"
2013,"https://www.sports-reference.com/cbb/boxscores/2013-03-22-kansas.html"
2013,"https://www.sports-reference.com/cbb/boxscores/2013-03-22-miami-fl.html"
2013,"https://www.sports-reference.com/cbb/boxscores/2013-03-22-minnesota.html"
2013,"https://www.sports-reference.com/cbb/boxscores/2013-03-22-mississippi.html"
2013,"https://www.sports-reference.com/cbb/boxscores/2013-03-22-north-carolina-state.html"
2013,"https://www.sports-reference.com/cbb/boxscores/2013-03-22-north-carolina.html"
2013,"https://www.sports-reference.com/cbb/boxscores/2013-03-22-oklahoma.html"
2013,"https://www.sports-reference.com/cbb/boxscores/2013-03-23-arizona.html"
2013,"https://www.sports-reference.com/cbb/boxscores/2013-03-23-butler.html"
2013,"https://www.sports-reference.com/cbb/boxscores/2013-03-23-california.html"
2013,"https://www.sports-reference.com/cbb/boxscores/2013-03-23-colorado-state.html"
2013,"https://www.sports-reference.com/cbb/boxscores/2013-03-23-gonzaga.html"
2013,"https://www.sports-reference.com/cbb/boxscores/2013-03-23-memphis.html"
2013,"https://www.sports-reference.com/cbb/boxscores/2013-03-23-michigan.html"
2013,"https://www.sports-reference.com/cbb/boxscores/2013-03-23-oregon.html"
2013,"https://www.sports-reference.com/cbb/boxscores/2013-03-24-creighton.html"
2013,"https://www.sports-reference.com/cbb/boxscores/2013-03-24-florida-gulf-coast.html"
2013,"https://www.sports-reference.com/cbb/boxscores/2013-03-24-florida.html"
2013,"https://www.sports-reference.com/cbb/boxscores/2013-03-24-illinois.html"
2013,"https://www.sports-reference.com/cbb/boxscores/2013-03-24-indiana.html"
2013,"https://www.sports-reference.com/cbb/boxscores/2013-03-24-iowa-state.html"
2013,"https://www.sports-reference.com/cbb/boxscores/2013-03-24-kansas.html"
2013,"https://www.sports-reference.com/cbb/boxscores/2013-03-24-la-salle.html"
2013,"https://www.sports-reference.com/cbb/boxscores/2013-03-28-arizona.html"
2013,"https://www.sports-reference.com/cbb/boxscores/2013-03-28-indiana.html"
2013,"https://www.sports-reference.com/cbb/boxscores/2013-03-28-la-salle.html"
2013,"https://www.sports-reference.com/cbb/boxscores/2013-03-28-marquette.html"
2013,"https://www.sports-reference.com/cbb/boxscores/2013-03-29-duke.html"
2013,"https://www.sports-reference.com/cbb/boxscores/2013-03-29-florida.html"
2013,"https://www.sports-reference.com/cbb/boxscores/2013-03-29-kansas.html"
2013,"https://www.sports-reference.com/cbb/boxscores/2013-03-29-louisville.html"
2013,"https://www.sports-reference.com/cbb/boxscores/2013-03-30-marquette.html"
2013,"https://www.sports-reference.com/cbb/boxscores/2013-03-30-ohio-state.html"
2013,"https://www.sports-reference.com/cbb/boxscores/2013-03-31-duke.html"
2013,"https://www.sports-reference.com/cbb/boxscores/2013-03-31-florida.html"
2013,"https://www.sports-reference.com/cbb/boxscores/2013-04-06-louisville.html"
2013,"https://www.sports-reference.com/cbb/boxscores/2013-04-06-michigan.html"
2013,"https://www.sports-reference.com/cbb/boxscores/2013-04-08-louisville.html"
2014,"https://www.sports-reference.com/cbb/boxscores/2014-03-18-albany-ny.html"
2014,"https://www.sports-reference.com/cbb/boxscores/2014-03-18-north-carolina-state.html"
2014,"https://www.sports-reference.com/cbb/boxscores/2014-03-19-cal-poly.html"
2014,"https://www.sports-reference.com/cbb/boxscores/2014-03-19-iowa.html"
2014,"https://www.sports-reference.com/cbb/boxscores/2014-03-20-albany-ny.html"
2014,"https://www.sports-reference.com/cbb/boxscores/2014-03-20-american.html"
2014,"https://www.sports-reference.com/cbb/boxscores/2014-03-20-arizona-state.html"
2014,"https://www.sports-reference.com/cbb/boxscores/2014-03-20-brigham-young.html"
2014,"https://www.sports-reference.com/cbb/boxscores/2014-03-20-cincinnati.html"
2014,"https://www.sports-reference.com/cbb/boxscores/2014-03-20-colorado.html"
2014,"https://www.sports-reference.com/cbb/boxscores/2014-03-20-connecticut.html"
2014,"https://www.sports-reference.com/cbb/boxscores/2014-03-20-dayton.html"
2014,"https://www.sports-reference.com/cbb/boxscores/2014-03-20-delaware.html"
2014,"https://www.sports-reference.com/cbb/boxscores/2014-03-20-louisville.html"
2014,"https://www.sports-reference.com/cbb/boxscores/2014-03-20-michigan.html"
2014,"https://www.sports-reference.com/cbb/boxscores/2014-03-20-milwaukee.html"
2014,"https://www.sports-reference.com/cbb/boxscores/2014-03-20-new-mexico-state.html"
2014,"https://www.sports-reference.com/cbb/boxscores/2014-03-20-north-carolina-state.html"
2014,"https://www.sports-reference.com/cbb/boxscores/2014-03-20-north-dakota-state.html"
2014,"https://www.sports-reference.com/cbb/boxscores/2014-03-20-syracuse.html"
2014,"https://www.sports-reference.com/cbb/boxscores/2014-03-21-arizona.html"
2014,"https://www.sports-reference.com/cbb/boxscores/2014-03-21-baylor.html"
2014,"https://www.sports-reference.com/cbb/boxscores/2014-03-21-cal-poly.html"
2014,"https://www.sports-reference.com/cbb/boxscores/2014-03-21-coastal-carolina.html"
2014,"https://www.sports-reference.com/cbb/boxscores/2014-03-21-creighton.html"
2014,"https://www.sports-reference.com/cbb/boxscores/2014-03-21-duke.html"
2014,"https://www.sports-reference.com/cbb/boxscores/2014-03-21-eastern-kentucky.html"
2014,"https://www.sports-reference.com/cbb/boxscores/2014-03-21-george-washington.html"
2014,"https://www.sports-reference.com/cbb/boxscores/2014-03-21-gonzaga.html"
2014,"https://www.sports-reference.com/cbb/boxscores/2014-03-21-iowa-state.html"
2014,"https://www.sports-reference.com/cbb/boxscores/2014-03-21-kansas-state.html"
2014,"https://www.sports-reference.com/cbb/boxscores/2014-03-21-massachusetts.html"
2014,"https://www.sports-reference.com/cbb/boxscores/2014-03-21-new-mexico.html"
2014,"https://www.sports-reference.com/cbb/boxscores/2014-03-21-north-carolina.html"
2014,"https://www.sports-reference.com/cbb/boxscores/2014-03-21-stephen-f-austin.html"
2014,"https://www.sports-reference.com/cbb/boxscores/2014-03-21-tulsa.html"
2014,"https://www.sports-reference.com/cbb/boxscores/2014-03-22-connecticut.html"
2014,"https://www.sports-reference.com/cbb/boxscores/2014-03-22-dayton.html"
2014,"https://www.sports-reference.com/cbb/boxscores/2014-03-22-florida.html"
2014,"https://www.sports-reference.com/cbb/boxscores/2014-03-22-harvard.html"
2014,"https://www.sports-reference.com/cbb/boxscores/2014-03-22-louisville.html"
2014,"https://www.sports-reference.com/cbb/boxscores/2014-03-22-michigan.html"
2014,"https://www.sports-reference.com/cbb/boxscores/2014-03-22-north-dakota-state.html"
2014,"https://www.sports-reference.com/cbb/boxscores/2014-03-22-oregon.html"
2014,"https://www.sports-reference.com/cbb/boxscores/2014-03-23-arizona.html"
2014,"https://www.sports-reference.com/cbb/boxscores/2014-03-23-baylor.html"
2014,"https://www.sports-reference.com/cbb/boxscores/2014-03-23-iowa-state.html"
2014,"https://www.sports-reference.com/cbb/boxscores/2014-03-23-kansas.html"
2014,"https://www.sports-reference.com/cbb/boxscores/2014-03-23-kentucky.html"
2014,"https://www.sports-reference.com/cbb/boxscores/2014-03-23-memphis.html"
2014,"https://www.sports-reference.com/cbb/boxscores/2014-03-23-mercer.html"
2014,"https://www.sports-reference.com/cbb/boxscores/2014-03-23-stephen-f-austin.html"
2014,"https://www.sports-reference.com/cbb/boxscores/2014-03-27-arizona.html"
2014,"https://www.sports-reference.com/cbb/boxscores/2014-03-27-baylor.html"
2014,"https://www.sports-reference.com/cbb/boxscores/2014-03-27-dayton.html"
2014,"https://www.sports-reference.com/cbb/boxscores/2014-03-27-florida.html"
2014,"https://www.sports-reference.com/cbb/boxscores/2014-03-28-connecticut.html"
2014,"https://www.sports-reference.com/cbb/boxscores/2014-03-28-kentucky.html"
2014,"https://www.sports-reference.com/cbb/boxscores/2014-03-28-michigan-state.html"
2014,"https://www.sports-reference.com/cbb/boxscores/2014-03-28-michigan.html"
2014,"https://www.sports-reference.com/cbb/boxscores/2014-03-29-arizona.html"
2014,"https://www.sports-reference.com/cbb/boxscores/2014-03-29-dayton.html"
2014,"https://www.sports-reference.com/cbb/boxscores/2014-03-30-connecticut.html"
2014,"https://www.sports-reference.com/cbb/boxscores/2014-03-30-kentucky.html"
2014,"https://www.sports-reference.com/cbb/boxscores/2014-04-05-connecticut.html"
2014,"https://www.sports-reference.com/cbb/boxscores/2014-04-05-kentucky.html"
2014,"https://www.sports-reference.com/cbb/boxscores/2014-04-07-connecticut.html"
2015,"https://www.sports-reference.com/cbb/boxscores/2015-03-17-brigham-young.html"
2015,"https://www.sports-reference.com/cbb/boxscores/2015-03-17-hampton.html"
2015,"https://www.sports-reference.com/cbb/boxscores/2015-03-18-boise-state.html"
2015,"https://www.sports-reference.com/cbb/boxscores/2015-03-18-north-florida.html"
2015,"https://www.sports-reference.com/cbb/boxscores/2015-03-19-alabama-birmingham.html"
2015,"https://www.sports-reference.com/cbb/boxscores/2015-03-19-arizona.html"
2015,"https://www.sports-reference.com/cbb/boxscores/2015-03-19-arkansas.html"
2015,"https://www.sports-reference.com/cbb/boxscores/2015-03-19-baylor.html"
2015,"https://www.sports-reference.com/cbb/boxscores/2015-03-19-butler.html"
2015,"https://www.sports-reference.com/cbb/boxscores/2015-03-19-cincinnati.html"
2015,"https://www.sports-reference.com/cbb/boxscores/2015-03-19-eastern-washington.html"
2015,"https://www.sports-reference.com/cbb/boxscores/2015-03-19-hampton.html"
2015,"https://www.sports-reference.com/cbb/boxscores/2015-03-19-harvard.html"
2015,"https://www.sports-reference.com/cbb/boxscores/2015-03-19-lafayette.html"
2015,"https://www.sports-reference.com/cbb/boxscores/2015-03-19-louisiana-state.html"
2015,"https://www.sports-reference.com/cbb/boxscores/2015-03-19-mississippi.html"
2015,"https://www.sports-reference.com/cbb/boxscores/2015-03-19-northeastern.html"
2015,"https://www.sports-reference.com/cbb/boxscores/2015-03-19-ohio-state.html"
2015,"https://www.sports-reference.com/cbb/boxscores/2015-03-19-southern-methodist.html"
2015,"https://www.sports-reference.com/cbb/boxscores/2015-03-19-stephen-f-austin.html"
2015,"https://www.sports-reference.com/cbb/boxscores/2015-03-20-albany-ny.html"
2015,"https://www.sports-reference.com/cbb/boxscores/2015-03-20-belmont.html"
2015,"https://www.sports-reference.com/cbb/boxscores/2015-03-20-buffalo.html"
2015,"https://www.sports-reference.com/cbb/boxscores/2015-03-20-california-irvine.html"
2015,"https://www.sports-reference.com/cbb/boxscores/2015-03-20-coastal-carolina.html"
2015,"https://www.sports-reference.com/cbb/boxscores/2015-03-20-davidson.html"
2015,"https://www.sports-reference.com/cbb/boxscores/2015-03-20-dayton.html"
2015,"https://www.sports-reference.com/cbb/boxscores/2015-03-20-duke.html"
2015,"https://www.sports-reference.com/cbb/boxscores/2015-03-20-georgia.html"
2015,"https://www.sports-reference.com/cbb/boxscores/2015-03-20-gonzaga.html"
2015,"https://www.sports-reference.com/cbb/boxscores/2015-03-20-indiana.html"
2015,"https://www.sports-reference.com/cbb/boxscores/2015-03-20-kansas.html"
2015,"https://www.sports-reference.com/cbb/boxscores/2015-03-20-maryland.html"
2015,"https://www.sports-reference.com/cbb/boxscores/2015-03-20-northern-iowa.html"
2015,"https://www.sports-reference.com/cbb/boxscores/2015-03-20-oklahoma-state.html"
2015,"https://www.sports-reference.com/cbb/boxscores/2015-03-20-san-diego-state.html"
2015,"https://www.sports-reference.com/cbb/boxscores/2015-03-21-alabama-birmingham.html"
2015,"https://www.sports-reference.com/cbb/boxscores/2015-03-21-arizona.html"
2015,"https://www.sports-reference.com/cbb/boxscores/2015-03-21-arkansas.html"
2015,"https://www.sports-reference.com/cbb/boxscores/2015-03-21-butler.html"
2015,"https://www.sports-reference.com/cbb/boxscores/2015-03-21-cincinnati.html"
2015,"https://www.sports-reference.com/cbb/boxscores/2015-03-21-georgetown.html"
2015,"https://www.sports-reference.com/cbb/boxscores/2015-03-21-georgia-state.html"
2015,"https://www.sports-reference.com/cbb/boxscores/2015-03-21-north-carolina-state.html"
2015,"https://www.sports-reference.com/cbb/boxscores/2015-03-22-dayton.html"
2015,"https://www.sports-reference.com/cbb/boxscores/2015-03-22-duke.html"
2015,"https://www.sports-reference.com/cbb/boxscores/2015-03-22-gonzaga.html"
2015,"https://www.sports-reference.com/cbb/boxscores/2015-03-22-kansas.html"
2015,"https://www.sports-reference.com/cbb/boxscores/2015-03-22-louisville.html"
2015,"https://www.sports-reference.com/cbb/boxscores/2015-03-22-maryland.html"
2015,"https://www.sports-reference.com/cbb/boxscores/2015-03-22-michigan-state.html"
2015,"https://www.sports-reference.com/cbb/boxscores/2015-03-22-oregon.html"
2015,"https://www.sports-reference.com/cbb/boxscores/2015-03-26-arizona.html"
2015,"https://www.sports-reference.com/cbb/boxscores/2015-03-26-kentucky.html"
2015,"https://www.sports-reference.com/cbb/boxscores/2015-03-26-north-carolina.html"
2015,"https://www.sports-reference.com/cbb/boxscores/2015-03-26-notre-dame.html"
2015,"https://www.sports-reference.com/cbb/boxscores/2015-03-27-duke.html"
2015,"https://www.sports-reference.com/cbb/boxscores/2015-03-27-gonzaga.html"
2015,"https://www.sports-reference.com/cbb/boxscores/2015-03-27-louisville.html"
2015,"https://www.sports-reference.com/cbb/boxscores/2015-03-27-michigan-state.html"
2015,"https://www.sports-reference.com/cbb/boxscores/2015-03-28-arizona.html"
2015,"https://www.sports-reference.com/cbb/boxscores/2015-03-28-kentucky.html"
2015,"https://www.sports-reference.com/cbb/boxscores/2015-03-29-duke.html"
2015,"https://www.sports-reference.com/cbb/boxscores/2015-03-29-louisville.html"
2015,"https://www.sports-reference.com/cbb/boxscores/2015-04-04-duke.html"
2015,"https://www.sports-reference.com/cbb/boxscores/2015-04-04-kentucky.html"
2015,"https://www.sports-reference.com/cbb/boxscores/2015-04-06-duke.html"
2016,"https://www.sports-reference.com/cbb/boxscores/2016-03-15-florida-gulf-coast.html"
2016,"https://www.sports-reference.com/cbb/boxscores/2016-03-15-vanderbilt.html"
2016,"https://www.sports-reference.com/cbb/boxscores/2016-03-16-holy-cross.html"
2016,"https://www.sports-reference.com/cbb/boxscores/2016-03-16-michigan.html"
2016,"https://www.sports-reference.com/cbb/boxscores/2016-03-17-arizona.html"
2016,"https://www.sports-reference.com/cbb/boxscores/2016-03-17-baylor.html"
2016,"https://www.sports-reference.com/cbb/boxscores/2016-03-17-colorado.html"
2016,"https://www.sports-reference.com/cbb/boxscores/2016-03-17-duke.html"
2016,"https://www.sports-reference.com/cbb/boxscores/2016-03-17-indiana.html"
2016,"https://www.sports-reference.com/cbb/boxscores/2016-03-17-iowa-state.html"
2016,"https://www.sports-reference.com/cbb/boxscores/2016-03-17-kansas.html"
2016,"https://www.sports-reference.com/cbb/boxscores/2016-03-17-kentucky.html"
2016,"https://www.sports-reference.com/cbb/boxscores/2016-03-17-miami-fl.html"
2016,"https://www.sports-reference.com/cbb/boxscores/2016-03-17-north-carolina.html"
2016,"https://www.sports-reference.com/cbb/boxscores/2016-03-17-purdue.html"
2016,"https://www.sports-reference.com/cbb/boxscores/2016-03-17-seton-hall.html"
2016,"https://www.sports-reference.com/cbb/boxscores/2016-03-17-southern-california.html"
2016,"https://www.sports-reference.com/cbb/boxscores/2016-03-17-texas-tech.html"
2016,"https://www.sports-reference.com/cbb/boxscores/2016-03-17-utah.html"
2016,"https://www.sports-reference.com/cbb/boxscores/2016-03-17-virginia.html"
2016,"https://www.sports-reference.com/cbb/boxscores/2016-03-18-california.html"
2016,"https://www.sports-reference.com/cbb/boxscores/2016-03-18-dayton.html"
2016,"https://www.sports-reference.com/cbb/boxscores/2016-03-18-iowa.html"
2016,"https://www.sports-reference.com/cbb/boxscores/2016-03-18-maryland.html"
2016,"https://www.sports-reference.com/cbb/boxscores/2016-03-18-michigan-state.html"
2016,"https://www.sports-reference.com/cbb/boxscores/2016-03-18-notre-dame.html"
2016,"https://www.sports-reference.com/cbb/boxscores/2016-03-18-oklahoma.html"
2016,"https://www.sports-reference.com/cbb/boxscores/2016-03-18-oregon-state.html"
2016,"https://www.sports-reference.com/cbb/boxscores/2016-03-18-oregon.html"
2016,"https://www.sports-reference.com/cbb/boxscores/2016-03-18-saint-josephs.html"
2016,"https://www.sports-reference.com/cbb/boxscores/2016-03-18-texas-am.html"
2016,"https://www.sports-reference.com/cbb/boxscores/2016-03-18-texas.html"
2016,"https://www.sports-reference.com/cbb/boxscores/2016-03-18-villanova.html"
2016,"https://www.sports-reference.com/cbb/boxscores/2016-03-18-west-virginia.html"
2016,"https://www.sports-reference.com/cbb/boxscores/2016-03-18-wisconsin.html"
2016,"https://www.sports-reference.com/cbb/boxscores/2016-03-18-xavier.html"
2016,"https://www.sports-reference.com/cbb/boxscores/2016-03-19-duke.html"
2016,"https://www.sports-reference.com/cbb/boxscores/2016-03-19-iowa-state.html"
2016,"https://www.sports-reference.com/cbb/boxscores/2016-03-19-kansas.html"
2016,"https://www.sports-reference.com/cbb/boxscores/2016-03-19-kentucky.html"
2016,"https://www.sports-reference.com/cbb/boxscores/2016-03-19-miami-fl.html"
2016,"https://www.sports-reference.com/cbb/boxscores/2016-03-19-north-carolina.html"
2016,"https://www.sports-reference.com/cbb/boxscores/2016-03-19-utah.html"
2016,"https://www.sports-reference.com/cbb/boxscores/2016-03-19-virginia.html"
2016,"https://www.sports-reference.com/cbb/boxscores/2016-03-20-maryland.html"
2016,"https://www.sports-reference.com/cbb/boxscores/2016-03-20-notre-dame.html"
2016,"https://www.sports-reference.com/cbb/boxscores/2016-03-20-oklahoma.html"
2016,"https://www.sports-reference.com/cbb/boxscores/2016-03-20-oregon.html"
2016,"https://www.sports-reference.com/cbb/boxscores/2016-03-20-syracuse.html"
2016,"https://www.sports-reference.com/cbb/boxscores/2016-03-20-texas-am.html"
2016,"https://www.sports-reference.com/cbb/boxscores/2016-03-20-villanova.html"
2016,"https://www.sports-reference.com/cbb/boxscores/2016-03-20-xavier.html"
2016,"https://www.sports-reference.com/cbb/boxscores/2016-03-24-kansas.html"
2016,"https://www.sports-reference.com/cbb/boxscores/2016-03-24-oklahoma.html"
2016,"https://www.sports-reference.com/cbb/boxscores/2016-03-24-oregon.html"
2016,"https://www.sports-reference.com/cbb/boxscores/2016-03-24-villanova.html"
2016,"https://www.sports-reference.com/cbb/boxscores/2016-03-25-north-carolina.html"
2016,"https://www.sports-reference.com/cbb/boxscores/2016-03-25-notre-dame.html"
2016,"https://www.sports-reference.com/cbb/boxscores/2016-03-25-syracuse.html"
2016,"https://www.sports-reference.com/cbb/boxscores/2016-03-25-virginia.html"
2016,"https://www.sports-reference.com/cbb/boxscores/2016-03-26-kansas.html"
2016,"https://www.sports-reference.com/cbb/boxscores/2016-03-26-oregon.html"
2016,"https://www.sports-reference.com/cbb/boxscores/2016-03-27-north-carolina.html"
2016,"https://www.sports-reference.com/cbb/boxscores/2016-03-27-virginia.html"
2016,"https://www.sports-reference.com/cbb/boxscores/2016-04-02-north-carolina.html"
2016,"https://www.sports-reference.com/cbb/boxscores/2016-04-02-oklahoma.html"
2016,"https://www.sports-reference.com/cbb/boxscores/2016-04-04-north-carolina.html"
2017,"https://www.sports-reference.com/cbb/boxscores/2017-03-14-kansas-state.html"
2017,"https://www.sports-reference.com/cbb/boxscores/2017-03-14-mount-st-marys.html"
2017,"https://www.sports-reference.com/cbb/boxscores/2017-03-15-north-carolina-central.html"
2017,"https://www.sports-reference.com/cbb/boxscores/2017-03-15-providence.html"
2017,"https://www.sports-reference.com/cbb/boxscores/2017-03-16-arizona.html"
2017,"https://www.sports-reference.com/cbb/boxscores/2017-03-16-butler.html"
2017,"https://www.sports-reference.com/cbb/boxscores/2017-03-16-florida-state.html"
2017,"https://www.sports-reference.com/cbb/boxscores/2017-03-16-florida.html"
2017,"https://www.sports-reference.com/cbb/boxscores/2017-03-16-gonzaga.html"
2017,"https://www.sports-reference.com/cbb/boxscores/2017-03-16-iowa-state.html"
2017,"https://www.sports-reference.com/cbb/boxscores/2017-03-16-maryland.html"
2017,"https://www.sports-reference.com/cbb/boxscores/2017-03-16-minnesota.html"
2017,"https://www.sports-reference.com/cbb/boxscores/2017-03-16-northwestern.html"
2017,"https://www.sports-reference.com/cbb/boxscores/2017-03-16-notre-dame.html"
2017,"https://www.sports-reference.com/cbb/boxscores/2017-03-16-purdue.html"
2017,"https://www.sports-reference.com/cbb/boxscores/2017-03-16-saint-marys-ca.html"
2017,"https://www.sports-reference.com/cbb/boxscores/2017-03-16-villanova.html"
2017,"https://www.sports-reference.com/cbb/boxscores/2017-03-16-virginia.html"
2017,"https://www.sports-reference.com/cbb/boxscores/2017-03-16-west-virginia.html"
2017,"https://www.sports-reference.com/cbb/boxscores/2017-03-16-wisconsin.html"
2017,"https://www.sports-reference.com/cbb/boxscores/2017-03-17-arkansas.html"
2017,"https://www.sports-reference.com/cbb/boxscores/2017-03-17-baylor.html"
2017,"https://www.sports-reference.com/cbb/boxscores/2017-03-17-cincinnati.html"
2017,"https://www.sports-reference.com/cbb/boxscores/2017-03-17-creighton.html"
2017,"https://www.sports-reference.com/cbb/boxscores/2017-03-17-dayton.html"
2017,"https://www.sports-reference.com/cbb/boxscores/2017-03-17-duke.html"
2017,"https://www.sports-reference.com/cbb/boxscores/2017-03-17-kansas.html"
2017,"https://www.sports-reference.com/cbb/boxscores/2017-03-17-kentucky.html"
2017,"https://www.sports-reference.com/cbb/boxscores/2017-03-17-louisville.html"
2017,"https://www.sports-reference.com/cbb/boxscores/2017-03-17-miami-fl.html"
2017,"https://www.sports-reference.com/cbb/boxscores/2017-03-17-michigan.html"
2017,"https://www.sports-reference.com/cbb/boxscores/2017-03-17-north-carolina.html"
2017,"https://www.sports-reference.com/cbb/boxscores/2017-03-17-oregon.html"
2017,"https://www.sports-reference.com/cbb/boxscores/2017-03-17-south-carolina.html"
2017,"https://www.sports-reference.com/cbb/boxscores/2017-03-17-southern-methodist.html"
2017,"https://www.sports-reference.com/cbb/boxscores/2017-03-17-ucla.html"
2017,"https://www.sports-reference.com/cbb/boxscores/2017-03-18-arizona.html"
2017,"https://www.sports-reference.com/cbb/boxscores/2017-03-18-butler.html"
2017,"https://www.sports-reference.com/cbb/boxscores/2017-03-18-florida-state.html"
2017,"https://www.sports-reference.com/cbb/boxscores/2017-03-18-florida.html"
2017,"https://www.sports-reference.com/cbb/boxscores/2017-03-18-gonzaga.html"
2017,"https://www.sports-reference.com/cbb/boxscores/2017-03-18-purdue.html"
2017,"https://www.sports-reference.com/cbb/boxscores/2017-03-18-villanova.html"
2017,"https://www.sports-reference.com/cbb/boxscores/2017-03-18-west-virginia.html"
2017,"https://www.sports-reference.com/cbb/boxscores/2017-03-19-baylor.html"
2017,"https://www.sports-reference.com/cbb/boxscores/2017-03-19-duke.html"
2017,"https://www.sports-reference.com/cbb/boxscores/2017-03-19-kansas.html"
2017,"https://www.sports-reference.com/cbb/boxscores/2017-03-19-kentucky.html"
2017,"https://www.sports-reference.com/cbb/boxscores/2017-03-19-louisville.html"
2017,"https://www.sports-reference.com/cbb/boxscores/2017-03-19-north-carolina.html"
2017,"https://www.sports-reference.com/cbb/boxscores/2017-03-19-oregon.html"
2017,"https://www.sports-reference.com/cbb/boxscores/2017-03-19-ucla.html"
2017,"https://www.sports-reference.com/cbb/boxscores/2017-03-23-arizona.html"
2017,"https://www.sports-reference.com/cbb/boxscores/2017-03-23-gonzaga.html"
2017,"https://www.sports-reference.com/cbb/boxscores/2017-03-23-kansas.html"
2017,"https://www.sports-reference.com/cbb/boxscores/2017-03-23-oregon.html"
2017,"https://www.sports-reference.com/cbb/boxscores/2017-03-24-baylor.html"
2017,"https://www.sports-reference.com/cbb/boxscores/2017-03-24-florida.html"
2017,"https://www.sports-reference.com/cbb/boxscores/2017-03-24-kentucky.html"
2017,"https://www.sports-reference.com/cbb/boxscores/2017-03-24-north-carolina.html"
2017,"https://www.sports-reference.com/cbb/boxscores/2017-03-25-gonzaga.html"
2017,"https://www.sports-reference.com/cbb/boxscores/2017-03-25-kansas.html"
2017,"https://www.sports-reference.com/cbb/boxscores/2017-03-26-florida.html"
2017,"https://www.sports-reference.com/cbb/boxscores/2017-03-26-north-carolina.html"
2017,"https://www.sports-reference.com/cbb/boxscores/2017-04-01-gonzaga.html"
2017,"https://www.sports-reference.com/cbb/boxscores/2017-04-01-north-carolina.html"
2017,"https://www.sports-reference.com/cbb/boxscores/2017-04-03-north-carolina.html"
2018,"https://www.sports-reference.com/cbb/boxscores/2018-03-13-18-radford.html"
2018,"https://www.sports-reference.com/cbb/boxscores/2018-03-13-21-ucla.html"
2018,"https://www.sports-reference.com/cbb/boxscores/2018-03-14-18-north-carolina-central.html"
2018,"https://www.sports-reference.com/cbb/boxscores/2018-03-14-21-arizona-state.html"
2018,"https://www.sports-reference.com/cbb/boxscores/2018-03-15-12-rhode-island.html"
2018,"https://www.sports-reference.com/cbb/boxscores/2018-03-15-12-tennessee.html"
2018,"https://www.sports-reference.com/cbb/boxscores/2018-03-15-13-gonzaga.html"
2018,"https://www.sports-reference.com/cbb/boxscores/2018-03-15-14-duke.html"
2018,"https://www.sports-reference.com/cbb/boxscores/2018-03-15-14-kansas.html"
2018,"https://www.sports-reference.com/cbb/boxscores/2018-03-15-15-miami-fl.html"
2018,"https://www.sports-reference.com/cbb/boxscores/2018-03-15-16-ohio-state.html"
2018,"https://www.sports-reference.com/cbb/boxscores/2018-03-15-16-seton-hall.html"
2018,"https://www.sports-reference.com/cbb/boxscores/2018-03-15-18-villanova.html"
2018,"https://www.sports-reference.com/cbb/boxscores/2018-03-15-19-houston.html"
2018,"https://www.sports-reference.com/cbb/boxscores/2018-03-15-19-kentucky.html"
2018,"https://www.sports-reference.com/cbb/boxscores/2018-03-15-19-texas-tech.html"
2018,"https://www.sports-reference.com/cbb/boxscores/2018-03-15-21-arizona.html"
2018,"https://www.sports-reference.com/cbb/boxscores/2018-03-15-21-florida.html"
2018,"https://www.sports-reference.com/cbb/boxscores/2018-03-15-21-michigan.html"
2018,"https://www.sports-reference.com/cbb/boxscores/2018-03-15-21-virginia-tech.html"
2018,"https://www.sports-reference.com/cbb/boxscores/2018-03-16-12-purdue.html"
2018,"https://www.sports-reference.com/cbb/boxscores/2018-03-16-12-texas-am.html"
2018,"https://www.sports-reference.com/cbb/boxscores/2018-03-16-13-wichita-state.html"
2018,"https://www.sports-reference.com/cbb/boxscores/2018-03-16-14-cincinnati.html"
2018,"https://www.sports-reference.com/cbb/boxscores/2018-03-16-14-north-carolina.html"
2018,"https://www.sports-reference.com/cbb/boxscores/2018-03-16-15-arkansas.html"
2018,"https://www.sports-reference.com/cbb/boxscores/2018-03-16-16-nevada.html"
2018,"https://www.sports-reference.com/cbb/boxscores/2018-03-16-16-west-virginia.html"
2018,"https://www.sports-reference.com/cbb/boxscores/2018-03-16-18-creighton.html"
2018,"https://www.sports-reference.com/cbb/boxscores/2018-03-16-19-auburn.html"
2018,"https://www.sports-reference.com/cbb/boxscores/2018-03-16-19-michigan-state.html"
2018,"https://www.sports-reference.com/cbb/boxscores/2018-03-16-19-xavier.html"
2018,"https://www.sports-reference.com/cbb/boxscores/2018-03-16-21-clemson.html"
2018,"https://www.sports-reference.com/cbb/boxscores/2018-03-16-21-missouri.html"
2018,"https://www.sports-reference.com/cbb/boxscores/2018-03-16-21-texas-christian.html"
2018,"https://www.sports-reference.com/cbb/boxscores/2018-03-16-21-virginia.html"
2018,"https://www.sports-reference.com/cbb/boxscores/2018-03-17-12-villanova.html"
2018,"https://www.sports-reference.com/cbb/boxscores/2018-03-17-14-duke.html"
2018,"https://www.sports-reference.com/cbb/boxscores/2018-03-17-17-kentucky.html"
2018,"https://www.sports-reference.com/cbb/boxscores/2018-03-17-18-tennessee.html"
2018,"https://www.sports-reference.com/cbb/boxscores/2018-03-17-19-gonzaga.html"
2018,"https://www.sports-reference.com/cbb/boxscores/2018-03-17-19-kansas.html"
2018,"https://www.sports-reference.com/cbb/boxscores/2018-03-17-20-texas-tech.html"
2018,"https://www.sports-reference.com/cbb/boxscores/2018-03-17-21-michigan.html"
2018,"https://www.sports-reference.com/cbb/boxscores/2018-03-18-12-purdue.html"
2018,"https://www.sports-reference.com/cbb/boxscores/2018-03-18-14-michigan-state.html"
2018,"https://www.sports-reference.com/cbb/boxscores/2018-03-18-17-north-carolina.html"
2018,"https://www.sports-reference.com/cbb/boxscores/2018-03-18-18-cincinnati.html"
2018,"https://www.sports-reference.com/cbb/boxscores/2018-03-18-19-auburn.html"
2018,"https://www.sports-reference.com/cbb/boxscores/2018-03-18-19-kansas-state.html"
2018,"https://www.sports-reference.com/cbb/boxscores/2018-03-18-20-xavier.html"
2018,"https://www.sports-reference.com/cbb/boxscores/2018-03-18-21-west-virginia.html"
2018,"https://www.sports-reference.com/cbb/boxscores/2018-03-22-19-michigan.html"
2018,"https://www.sports-reference.com/cbb/boxscores/2018-03-22-19-nevada.html"
2018,"https://www.sports-reference.com/cbb/boxscores/2018-03-22-21-kentucky.html"
2018,"https://www.sports-reference.com/cbb/boxscores/2018-03-22-22-gonzaga.html"
2018,"https://www.sports-reference.com/cbb/boxscores/2018-03-23-19-kansas.html"
2018,"https://www.sports-reference.com/cbb/boxscores/2018-03-23-19-villanova.html"
2018,"https://www.sports-reference.com/cbb/boxscores/2018-03-23-21-duke.html"
2018,"https://www.sports-reference.com/cbb/boxscores/2018-03-23-21-purdue.html"
2018,"https://www.sports-reference.com/cbb/boxscores/2018-03-24-18-kansas-state.html"
2018,"https://www.sports-reference.com/cbb/boxscores/2018-03-24-20-michigan.html"
2018,"https://www.sports-reference.com/cbb/boxscores/2018-03-25-14-villanova.html"
2018,"https://www.sports-reference.com/cbb/boxscores/2018-03-25-17-kansas.html"
2018,"https://www.sports-reference.com/cbb/boxscores/2018-03-31-18-michigan.html"
2018,"https://www.sports-reference.com/cbb/boxscores/2018-03-31-20-kansas.html"
2018,"https://www.sports-reference.com/cbb/boxscores/2018-04-02-21-villanova.html"
2019,"https://www.sports-reference.com/cbb/boxscores/2019-03-19-18-prairie-view.html"
2019,"https://www.sports-reference.com/cbb/boxscores/2019-03-19-21-belmont.html"
2019,"https://www.sports-reference.com/cbb/boxscores/2019-03-20-18-north-dakota-state.html"
2019,"https://www.sports-reference.com/cbb/boxscores/2019-03-20-21-arizona-state.html"
2019,"https://www.sports-reference.com/cbb/boxscores/2019-03-21-12-louisiana-state.html"
2019,"https://www.sports-reference.com/cbb/boxscores/2019-03-21-12-louisville.html"
2019,"https://www.sports-reference.com/cbb/boxscores/2019-03-21-13-auburn.html"
2019,"https://www.sports-reference.com/cbb/boxscores/2019-03-21-14-florida-state.html"
2019,"https://www.sports-reference.com/cbb/boxscores/2019-03-21-14-michigan-state.html"
2019,"https://www.sports-reference.com/cbb/boxscores/2019-03-21-15-maryland.html"
2019,"https://www.sports-reference.com/cbb/boxscores/2019-03-21-16-kansas.html"
2019,"https://www.sports-reference.com/cbb/boxscores/2019-03-21-16-marquette.html"
2019,"https://www.sports-reference.com/cbb/boxscores/2019-03-21-18-nevada.html"
2019,"https://www.sports-reference.com/cbb/boxscores/2019-03-21-19-gonzaga.html"
2019,"https://www.sports-reference.com/cbb/boxscores/2019-03-21-19-kentucky.html"
2019,"https://www.sports-reference.com/cbb/boxscores/2019-03-21-19-villanova.html"
2019,"https://www.sports-reference.com/cbb/boxscores/2019-03-21-21-michigan.html"
2019,"https://www.sports-reference.com/cbb/boxscores/2019-03-21-21-purdue.html"
2019,"https://www.sports-reference.com/cbb/boxscores/2019-03-21-21-syracuse.html"
2019,"https://www.sports-reference.com/cbb/boxscores/2019-03-21-21-wofford.html"
2019,"https://www.sports-reference.com/cbb/boxscores/2019-03-22-12-cincinnati.html"
2019,"https://www.sports-reference.com/cbb/boxscores/2019-03-22-12-mississippi.html"
2019,"https://www.sports-reference.com/cbb/boxscores/2019-03-22-13-texas-tech.html"
2019,"https://www.sports-reference.com/cbb/boxscores/2019-03-22-14-kansas-state.html"
2019,"https://www.sports-reference.com/cbb/boxscores/2019-03-22-14-tennessee.html"
2019,"https://www.sports-reference.com/cbb/boxscores/2019-03-22-15-virginia.html"
2019,"https://www.sports-reference.com/cbb/boxscores/2019-03-22-16-buffalo.html"
2019,"https://www.sports-reference.com/cbb/boxscores/2019-03-22-16-wisconsin.html"
2019,"https://www.sports-reference.com/cbb/boxscores/2019-03-22-18-utah-state.html"
2019,"https://www.sports-reference.com/cbb/boxscores/2019-03-22-19-duke.html"
2019,"https://www.sports-reference.com/cbb/boxscores/2019-03-22-19-houston.html"
2019,"https://www.sports-reference.com/cbb/boxscores/2019-03-22-19-mississippi-state.html"
2019,"https://www.sports-reference.com/cbb/boxscores/2019-03-22-21-iowa-state.html"
2019,"https://www.sports-reference.com/cbb/boxscores/2019-03-22-21-north-carolina.html"
2019,"https://www.sports-reference.com/cbb/boxscores/2019-03-22-21-virginia-commonwealth.html"
2019,"https://www.sports-reference.com/cbb/boxscores/2019-03-22-21-virginia-tech.html"
2019,"https://www.sports-reference.com/cbb/boxscores/2019-03-23-12-louisiana-state.html"
2019,"https://www.sports-reference.com/cbb/boxscores/2019-03-23-14-kentucky.html"
2019,"https://www.sports-reference.com/cbb/boxscores/2019-03-23-17-michigan.html"
2019,"https://www.sports-reference.com/cbb/boxscores/2019-03-23-18-florida-state.html"
2019,"https://www.sports-reference.com/cbb/boxscores/2019-03-23-19-gonzaga.html"
2019,"https://www.sports-reference.com/cbb/boxscores/2019-03-23-19-michigan-state.html"
2019,"https://www.sports-reference.com/cbb/boxscores/2019-03-23-20-purdue.html"
2019,"https://www.sports-reference.com/cbb/boxscores/2019-03-23-21-kansas.html"
2019,"https://www.sports-reference.com/cbb/boxscores/2019-03-24-12-tennessee.html"
2019,"https://www.sports-reference.com/cbb/boxscores/2019-03-24-14-north-carolina.html"
2019,"https://www.sports-reference.com/cbb/boxscores/2019-03-24-17-duke.html"
2019,"https://www.sports-reference.com/cbb/boxscores/2019-03-24-18-texas-tech.html"
2019,"https://www.sports-reference.com/cbb/boxscores/2019-03-24-19-virginia-tech.html"
2019,"https://www.sports-reference.com/cbb/boxscores/2019-03-24-19-virginia.html"
2019,"https://www.sports-reference.com/cbb/boxscores/2019-03-24-20-houston.html"
2019,"https://www.sports-reference.com/cbb/boxscores/2019-03-24-21-oregon.html"
2019,"https://www.sports-reference.com/cbb/boxscores/2019-03-28-19-gonzaga.html"
2019,"https://www.sports-reference.com/cbb/boxscores/2019-03-28-19-tennessee.html"
2019,"https://www.sports-reference.com/cbb/boxscores/2019-03-28-21-michigan.html"
2019,"https://www.sports-reference.com/cbb/boxscores/2019-03-28-21-virginia.html"
2019,"https://www.sports-reference.com/cbb/boxscores/2019-03-29-19-michigan-state.html"
2019,"https://www.sports-reference.com/cbb/boxscores/2019-03-29-19-north-carolina.html"
2019,"https://www.sports-reference.com/cbb/boxscores/2019-03-29-21-duke.html"
2019,"https://www.sports-reference.com/cbb/boxscores/2019-03-29-21-kentucky.html"
2019,"https://www.sports-reference.com/cbb/boxscores/2019-03-30-18-gonzaga.html"
2019,"https://www.sports-reference.com/cbb/boxscores/2019-03-30-20-virginia.html"
2019,"https://www.sports-reference.com/cbb/boxscores/2019-03-31-14-kentucky.html"
2019,"https://www.sports-reference.com/cbb/boxscores/2019-03-31-17-duke.html"
2019,"https://www.sports-reference.com/cbb/boxscores/2019-04-06-18-virginia.html"
2019,"https://www.sports-reference.com/cbb/boxscores/2019-04-06-20-michigan-state.html"
2019,"https://www.sports-reference.com/cbb/boxscores/2019-04-08-21-virginia.html"
2021,"https://www.sports-reference.com/cbb/boxscores/2021-03-18-17-mount-st-marys.html"
2021,"https://www.sports-reference.com/cbb/boxscores/2021-03-18-18-wichita-state.html"
2021,"https://www.sports-reference.com/cbb/boxscores/2021-03-18-20-norfolk-state.html"
2021,"https://www.sports-reference.com/cbb/boxscores/2021-03-18-22-michigan-state.html"
2021,"https://www.sports-reference.com/cbb/boxscores/2021-03-19-12-arkansas.html"
2021,"https://www.sports-reference.com/cbb/boxscores/2021-03-19-12-florida.html"
2021,"https://www.sports-reference.com/cbb/boxscores/2021-03-19-13-illinois.html"
2021,"https://www.sports-reference.com/cbb/boxscores/2021-03-19-13-texas-tech.html"
2021,"https://www.sports-reference.com/cbb/boxscores/2021-03-19-15-baylor.html"
2021,"https://www.sports-reference.com/cbb/boxscores/2021-03-19-15-ohio-state.html"
2021,"https://www.sports-reference.com/cbb/boxscores/2021-03-19-16-loyola-il.html"
2021,"https://www.sports-reference.com/cbb/boxscores/2021-03-19-16-tennessee.html"
2021,"https://www.sports-reference.com/cbb/boxscores/2021-03-19-18-oklahoma-state.html"
2021,"https://www.sports-reference.com/cbb/boxscores/2021-03-19-19-houston.html"
2021,"https://www.sports-reference.com/cbb/boxscores/2021-03-19-19-north-carolina.html"
2021,"https://www.sports-reference.com/cbb/boxscores/2021-03-19-19-purdue.html"
2021,"https://www.sports-reference.com/cbb/boxscores/2021-03-19-21-clemson.html"
2021,"https://www.sports-reference.com/cbb/boxscores/2021-03-19-21-san-diego-state.html"
2021,"https://www.sports-reference.com/cbb/boxscores/2021-03-19-22-villanova.html"
2021,"https://www.sports-reference.com/cbb/boxscores/2021-03-19-22-west-virginia.html"
2021,"https://www.sports-reference.com/cbb/boxscores/2021-03-20-12-colorado.html"
2021,"https://www.sports-reference.com/cbb/boxscores/2021-03-20-12-florida-state.html"
2021,"https://www.sports-reference.com/cbb/boxscores/2021-03-20-13-kansas.html"
2021,"https://www.sports-reference.com/cbb/boxscores/2021-03-20-13-louisiana-state.html"
2021,"https://www.sports-reference.com/cbb/boxscores/2021-03-20-15-creighton.html"
2021,"https://www.sports-reference.com/cbb/boxscores/2021-03-20-15-michigan.html"
2021,"https://www.sports-reference.com/cbb/boxscores/2021-03-20-16-alabama.html"
2021,"https://www.sports-reference.com/cbb/boxscores/2021-03-20-16-southern-california.html"
2021,"https://www.sports-reference.com/cbb/boxscores/2021-03-20-18-iowa.html"
2021,"https://www.sports-reference.com/cbb/boxscores/2021-03-20-19-connecticut.html"
2021,"https://www.sports-reference.com/cbb/boxscores/2021-03-20-19-oklahoma.html"
2021,"https://www.sports-reference.com/cbb/boxscores/2021-03-20-19-virginia.html"
2021,"https://www.sports-reference.com/cbb/boxscores/2021-03-20-21-brigham-young.html"
2021,"https://www.sports-reference.com/cbb/boxscores/2021-03-20-21-gonzaga.html"
2021,"https://www.sports-reference.com/cbb/boxscores/2021-03-20-22-texas.html"
2021,"https://www.sports-reference.com/cbb/boxscores/2021-03-21-12-illinois.html"
2021,"https://www.sports-reference.com/cbb/boxscores/2021-03-21-14-baylor.html"
2021,"https://www.sports-reference.com/cbb/boxscores/2021-03-21-17-west-virginia.html"
2021,"https://www.sports-reference.com/cbb/boxscores/2021-03-21-18-arkansas.html"
2021,"https://www.sports-reference.com/cbb/boxscores/2021-03-21-19-florida.html"
2021,"https://www.sports-reference.com/cbb/boxscores/2021-03-21-19-houston.html"
2021,"https://www.sports-reference.com/cbb/boxscores/2021-03-21-20-villanova.html"
2021,"https://www.sports-reference.com/cbb/boxscores/2021-03-21-21-oklahoma-state.html"
2021,"https://www.sports-reference.com/cbb/boxscores/2021-03-22-12-iowa.html"
2021,"https://www.sports-reference.com/cbb/boxscores/2021-03-22-14-gonzaga.html"
2021,"https://www.sports-reference.com/cbb/boxscores/2021-03-22-17-ucla.html"
2021,"https://www.sports-reference.com/cbb/boxscores/2021-03-22-18-creighton.html"
2021,"https://www.sports-reference.com/cbb/boxscores/2021-03-22-19-florida-state.html"
2021,"https://www.sports-reference.com/cbb/boxscores/2021-03-22-19-michigan.html"
2021,"https://www.sports-reference.com/cbb/boxscores/2021-03-22-20-alabama.html"
2021,"https://www.sports-reference.com/cbb/boxscores/2021-03-22-21-kansas.html"
2021,"https://www.sports-reference.com/cbb/boxscores/2021-03-27-14-loyola-il.html"
2021,"https://www.sports-reference.com/cbb/boxscores/2021-03-27-17-baylor.html"
2021,"https://www.sports-reference.com/cbb/boxscores/2021-03-27-19-arkansas.html"
2021,"https://www.sports-reference.com/cbb/boxscores/2021-03-27-21-houston.html"
2021,"https://www.sports-reference.com/cbb/boxscores/2021-03-28-14-gonzaga.html"
2021,"https://www.sports-reference.com/cbb/boxscores/2021-03-28-17-michigan.html"
2021,"https://www.sports-reference.com/cbb/boxscores/2021-03-28-19-alabama.html"
2021,"https://www.sports-reference.com/cbb/boxscores/2021-03-28-21-southern-california.html"
2021,"https://www.sports-reference.com/cbb/boxscores/2021-03-29-19-houston.html"
2021,"https://www.sports-reference.com/cbb/boxscores/2021-03-29-21-baylor.html"
2021,"https://www.sports-reference.com/cbb/boxscores/2021-03-30-19-gonzaga.html"
2021,"https://www.sports-reference.com/cbb/boxscores/2021-03-30-21-michigan.html"
2021,"https://www.sports-reference.com/cbb/boxscores/2021-04-03-17-baylor.html"
2021,"https://www.sports-reference.com/cbb/boxscores/2021-04-03-20-gonzaga.html"
2021,"https://www.sports-reference.com/cbb/boxscores/2021-04-05-21-gonzaga.html"
2022,"https://www.sports-reference.com/cbb/boxscores/2022-03-15-18-texas-southern.html"
2022,"https://www.sports-reference.com/cbb/boxscores/2022-03-15-21-wyoming.html"
2022,"https://www.sports-reference.com/cbb/boxscores/2022-03-16-18-wright-state.html"
2022,"https://www.sports-reference.com/cbb/boxscores/2022-03-16-21-rutgers.html"
2022,"https://www.sports-reference.com/cbb/boxscores/2022-03-17-12-colorado-state.html"
2022,"https://www.sports-reference.com/cbb/boxscores/2022-03-17-12-providence.html"
2022,"https://www.sports-reference.com/cbb/boxscores/2022-03-17-13-boise-state.html"
2022,"https://www.sports-reference.com/cbb/boxscores/2022-03-17-14-baylor.html"
2022,"https://www.sports-reference.com/cbb/boxscores/2022-03-17-14-tennessee.html"
2022,"https://www.sports-reference.com/cbb/boxscores/2022-03-17-15-iowa.html"
2022,"https://www.sports-reference.com/cbb/boxscores/2022-03-17-16-gonzaga.html"
2022,"https://www.sports-reference.com/cbb/boxscores/2022-03-17-16-north-carolina.html"
2022,"https://www.sports-reference.com/cbb/boxscores/2022-03-17-18-connecticut.html"
2022,"https://www.sports-reference.com/cbb/boxscores/2022-03-17-19-kentucky.html"
2022,"https://www.sports-reference.com/cbb/boxscores/2022-03-17-19-saint-marys-ca.html"
2022,"https://www.sports-reference.com/cbb/boxscores/2022-03-17-19-san-diego-state.html"
2022,"https://www.sports-reference.com/cbb/boxscores/2022-03-17-21-arkansas.html"
2022,"https://www.sports-reference.com/cbb/boxscores/2022-03-17-21-kansas.html"
2022,"https://www.sports-reference.com/cbb/boxscores/2022-03-17-21-murray-state.html"
2022,"https://www.sports-reference.com/cbb/boxscores/2022-03-17-21-ucla.html"
2022,"https://www.sports-reference.com/cbb/boxscores/2022-03-18-12-auburn.html"
2022,"https://www.sports-reference.com/cbb/boxscores/2022-03-18-12-ohio-state.html"
2022,"https://www.sports-reference.com/cbb/boxscores/2022-03-18-13-texas-tech.html"
2022,"https://www.sports-reference.com/cbb/boxscores/2022-03-18-14-purdue.html"
2022,"https://www.sports-reference.com/cbb/boxscores/2022-03-18-14-villanova.html"
2022,"https://www.sports-reference.com/cbb/boxscores/2022-03-18-15-southern-california.html"
2022,"https://www.sports-reference.com/cbb/boxscores/2022-03-18-16-alabama.html"
2022,"https://www.sports-reference.com/cbb/boxscores/2022-03-18-16-texas.html"
2022,"https://www.sports-reference.com/cbb/boxscores/2022-03-18-18-illinois.html"
2022,"https://www.sports-reference.com/cbb/boxscores/2022-03-18-19-arizona.html"
2022,"https://www.sports-reference.com/cbb/boxscores/2022-03-18-19-duke.html"
2022,"https://www.sports-reference.com/cbb/boxscores/2022-03-18-19-louisiana-state.html"
2022,"https://www.sports-reference.com/cbb/boxscores/2022-03-18-21-houston.html"
2022,"https://www.sports-reference.com/cbb/boxscores/2022-03-18-21-michigan-state.html"
2022,"https://www.sports-reference.com/cbb/boxscores/2022-03-18-21-seton-hall.html"
2022,"https://www.sports-reference.com/cbb/boxscores/2022-03-18-21-wisconsin.html"
2022,"https://www.sports-reference.com/cbb/boxscores/2022-03-19-12-baylor.html"
2022,"https://www.sports-reference.com/cbb/boxscores/2022-03-19-14-kansas.html"
2022,"https://www.sports-reference.com/cbb/boxscores/2022-03-19-17-tennessee.html"
2022,"https://www.sports-reference.com/cbb/boxscores/2022-03-19-18-providence.html"
2022,"https://www.sports-reference.com/cbb/boxscores/2022-03-19-19-ucla.html"
2022,"https://www.sports-reference.com/cbb/boxscores/2022-03-19-20-arkansas.html"
2022,"https://www.sports-reference.com/cbb/boxscores/2022-03-19-20-murray-state.html"
2022,"https://www.sports-reference.com/cbb/boxscores/2022-03-19-21-gonzaga.html"
2022,"https://www.sports-reference.com/cbb/boxscores/2022-03-20-12-illinois.html"
2022,"https://www.sports-reference.com/cbb/boxscores/2022-03-20-14-villanova.html"
2022,"https://www.sports-reference.com/cbb/boxscores/2022-03-20-17-duke.html"
2022,"https://www.sports-reference.com/cbb/boxscores/2022-03-20-18-wisconsin.html"
2022,"https://www.sports-reference.com/cbb/boxscores/2022-03-20-19-auburn.html"
2022,"https://www.sports-reference.com/cbb/boxscores/2022-03-20-19-texas-tech.html"
2022,"https://www.sports-reference.com/cbb/boxscores/2022-03-20-20-purdue.html"
2022,"https://www.sports-reference.com/cbb/boxscores/2022-03-20-21-arizona.html"
2022,"https://www.sports-reference.com/cbb/boxscores/2022-03-24-19-gonzaga.html"
2022,"https://www.sports-reference.com/cbb/boxscores/2022-03-24-19-villanova.html"
2022,"https://www.sports-reference.com/cbb/boxscores/2022-03-24-21-arizona.html"
2022,"https://www.sports-reference.com/cbb/boxscores/2022-03-24-21-duke.html"
2022,"https://www.sports-reference.com/cbb/boxscores/2022-03-25-19-kansas.html"
2022,"https://www.sports-reference.com/cbb/boxscores/2022-03-25-19-purdue.html"
2022,"https://www.sports-reference.com/cbb/boxscores/2022-03-25-21-miami-fl.html"
2022,"https://www.sports-reference.com/cbb/boxscores/2022-03-25-21-ucla.html"
2022,"https://www.sports-reference.com/cbb/boxscores/2022-03-26-18-villanova.html"
2022,"https://www.sports-reference.com/cbb/boxscores/2022-03-26-20-duke.html"
2022,"https://www.sports-reference.com/cbb/boxscores/2022-03-27-14-kansas.html"
2022,"https://www.sports-reference.com/cbb/boxscores/2022-03-27-17-north-carolina.html"
2022,"https://www.sports-reference.com/cbb/boxscores/2022-04-02-18-kansas.html"
2022,"https://www.sports-reference.com/cbb/boxscores/2022-04-02-20-duke.html"
2022,"https://www.sports-reference.com/cbb/boxscores/2022-04-04-21-kansas.html"
